<?xml version='1.0' encoding='utf-8' ?>
<!DOCTYPE document SYSTEM "file:///C:/Xilinx/xc9500/data/xmlReport9k.dtd">
<document><ascFile>main.rpt</ascFile><devFile>C:/Xilinx/xc9500/data/xc9572.chp</devFile><mfdFile>main.mfd</mfdFile><htmlFile logo="xc9500_logo.jpg" pin_legend="pinlegend.htm" logic_legend="logiclegend.htm"/><header pkg="PC84" date="11-16-2005" time="  1:02AM" speed="-10" design="main" device="XC9572" status="1" eqnType="1" version="1.0" statusStr="Successful" swVersion="G.28"/><inputs id="resetn"/><inputs id="orient"/><inputs id="HsyncPIN_SPECSIG"/><global_inputs id="clock" use="GCK2"/><pin id="FB1_MC1_PIN4" use="b_SPECSIG" pinnum="4" signal="hcnt3_SPECSIG"/><pin id="FB1_MC2_PIN1" use="O" pinnum="1" signal="blue0_SPECSIG"/><pin id="FB1_MC3_PIN6" use="O" pinnum="6" signal="green1_SPECSIG"/><pin id="FB1_MC4_PIN7" use="O" pinnum="7" signal="green0_SPECSIG"/><pin id="FB1_MC5_PIN2" use="O" pinnum="2" signal="Vsync"/><pin id="FB1_MC6_PIN3" use="IO_SPECSIG" pinnum="3" signal="Hsync"/><pin id="FB1_MC7_PIN11" use="O" pinnum="11" signal="red0_SPECSIG"/><pin id="FB1_MC8_PIN5" use="O" pinnum="5" signal="blue1_SPECSIG"/><pin id="FB1_MC9_PIN9" use="b_SPECSIG" pinnum="9" signal="hcnt7_SPECSIG"/><pin id="FB1_MC10_PIN13" use="O" pinnum="13" signal="red1_SPECSIG"/><pin id="FB1_MC11_PIN10" use="GCK" pinnum="10" signal="clock"/><pin id="FB1_MC12_PIN18" use="b_SPECSIG" pinnum="18" signal="hcnt5_SPECSIG"/><pin id="FB1_MC13_PIN20" use="b_SPECSIG" pinnum="20"/><pin id="FB1_MC14_PIN12" use="b_SPECSIG" pinnum="12" signal="hcnt4_SPECSIG"/><pin id="FB1_MC15_PIN14" use="b_SPECSIG" pinnum="14" signal="hcnt1_SPECSIG"/><pin id="FB1_MC16_PIN23" use="b_SPECSIG" pinnum="23"/><pin id="FB1_MC17_PIN15" use="b_SPECSIG" pinnum="15" signal="enable"/><pin id="FB1_MC18_PIN24" use="b_SPECSIG" pinnum="24" signal="hcnt2_SPECSIG"/><pin id="FB2_MC1_PIN63" use="b_SPECSIG" pinnum="63" signal="vcnt3_SPECSIG"/><pin id="FB2_MC2_PIN69" use="b_SPECSIG" pinnum="69" signal="vcnt2_SPECSIG"/><pin id="FB2_MC3_PIN67" use="b_SPECSIG" pinnum="67"/><pin id="FB2_MC4_PIN68" pinnum="68"/><pin id="FB2_MC5_PIN70" pinnum="70"/><pin id="FB2_MC6_PIN71" pinnum="71"/><pin id="FB2_MC7_PIN76" use="I" pinnum="76" signal="orient"/><pin id="FB2_MC8_PIN72" use="b_SPECSIG" pinnum="72" signal="vcnt1_SPECSIG"/><pin id="FB2_MC9_PIN74" use="b_SPECSIG" pinnum="74" signal="vcnt0_SPECSIG"/><pin id="FB2_MC10_PIN75" use="b_SPECSIG" pinnum="75" signal="vcnt9_SPECSIG"/><pin id="FB2_MC11_PIN77" use="b_SPECSIG" pinnum="77" signal="hcnt0_SPECSIG"/><pin id="FB2_MC12_PIN79" use="b_SPECSIG" pinnum="79" signal="vcnt4_SPECSIG"/><pin id="FB2_MC13_PIN80" use="b_SPECSIG" pinnum="80" signal="vcnt5_SPECSIG"/><pin id="FB2_MC14_PIN81" use="b_SPECSIG" pinnum="81" signal="vcnt6_SPECSIG"/><pin id="FB2_MC15_PIN83" use="b_SPECSIG" pinnum="83" signal="vcnt7_SPECSIG"/><pin id="FB2_MC16_PIN82" use="b_SPECSIG" pinnum="82" signal="vcnt8_SPECSIG"/><pin id="FB2_MC17_PIN84" use="b_SPECSIG" pinnum="84" signal="hcnt8_SPECSIG"/><pin id="FB3_MC1_PIN25" pinnum="25"/><pin id="FB3_MC2_PIN17" pinnum="17"/><pin id="FB3_MC3_PIN31" pinnum="31"/><pin id="FB3_MC4_PIN32" pinnum="32"/><pin id="FB3_MC5_PIN19" pinnum="19"/><pin id="FB3_MC6_PIN34" pinnum="34"/><pin id="FB3_MC7_PIN35" pinnum="35"/><pin id="FB3_MC8_PIN21" pinnum="21"/><pin id="FB3_MC9_PIN26" pinnum="26"/><pin id="FB3_MC10_PIN40" pinnum="40"/><pin id="FB3_MC11_PIN33" pinnum="33"/><pin id="FB3_MC12_PIN41" use="I" pinnum="41" signal="resetn"/><pin id="FB3_MC13_PIN43" pinnum="43"/><pin id="FB3_MC14_PIN36" pinnum="36"/><pin id="FB3_MC15_PIN37" pinnum="37"/><pin id="FB3_MC16_PIN45" pinnum="45"/><pin id="FB3_MC17_PIN39" pinnum="39"/><pin id="FB4_MC1_PIN46" pinnum="46"/><pin id="FB4_MC2_PIN44" pinnum="44"/><pin id="FB4_MC3_PIN51" pinnum="51"/><pin id="FB4_MC4_PIN52" pinnum="52"/><pin id="FB4_MC5_PIN47" pinnum="47"/><pin id="FB4_MC6_PIN54" pinnum="54"/><pin id="FB4_MC7_PIN55" pinnum="55"/><pin id="FB4_MC8_PIN48" pinnum="48"/><pin id="FB4_MC9_PIN50" pinnum="50"/><pin id="FB4_MC10_PIN57" pinnum="57"/><pin id="FB4_MC11_PIN53" pinnum="53"/><pin id="FB4_MC12_PIN58" pinnum="58"/><pin id="FB4_MC13_PIN61" pinnum="61"/><pin id="FB4_MC14_PIN56" pinnum="56"/><pin id="FB4_MC15_PIN65" pinnum="65"/><pin id="FB4_MC16_PIN62" pinnum="62"/><pin id="FB4_MC17_PIN66" pinnum="66"/><fblock id="FB1" pinUse="8" inputUse="23"><macrocell id="FB1_MC1" pin="FB1_MC1_PIN4" sigUse="11" signal="hcnt3_SPECSIG"><pterms pt1="FB1_1_1" pt2="FB1_1_2" pt3="FB1_1_3" pt4="FB1_1_4" pt5="FB1_1_5"/></macrocell><macrocell id="FB1_MC2" pin="FB1_MC2_PIN1" sigUse="4" signal="blue0_SPECSIG"><pterms pt1="FB1_2_1" pt2="FB1_2_2" pt3="FB1_2_3" pt4="FB1_2_4" pt5="FB1_2_5"/></macrocell><macrocell id="FB1_MC3" pin="FB1_MC3_PIN6" sigUse="4" signal="green1_SPECSIG"><pterms pt1="FB1_3_1" pt2="FB1_3_2" pt3="FB1_3_3"/></macrocell><macrocell id="FB1_MC4" pin="FB1_MC4_PIN7" sigUse="4" signal="green0_SPECSIG"><pterms pt1="FB1_4_1" pt2="FB1_4_2"/></macrocell><macrocell id="FB1_MC5" pin="FB1_MC5_PIN2" sigUse="11" signal="Vsync"><pterms pt1="FB1_5_1" pt2="FB1_5_2" pt3="FB1_5_3"/></macrocell><macrocell id="FB1_MC6" pin="FB1_MC6_PIN3" sigUse="10" signal="Hsync"><pterms pt1="FB1_6_1" pt2="FB1_6_2" pt3="FB1_6_3" pt4="FB1_6_4" pt5="FB1_6_5"/></macrocell><macrocell id="FB1_MC7" pin="FB1_MC7_PIN11" sigUse="4" signal="red0_SPECSIG"><pterms pt1="FB1_7_1" pt2="FB1_7_2"/></macrocell><macrocell id="FB1_MC8" pin="FB1_MC8_PIN5" sigUse="4" signal="blue1_SPECSIG"><pterms pt1="FB1_8_1" pt2="FB1_8_2" pt3="FB1_8_3"/></macrocell><macrocell id="FB1_MC9" pin="FB1_MC9_PIN9" sigUse="11" signal="hcnt7_SPECSIG"><pterms pt1="FB1_9_1" pt2="FB1_9_2" pt3="FB1_9_3" pt4="FB1_9_4" pt5="FB1_9_5"/></macrocell><macrocell id="FB1_MC10" pin="FB1_MC10_PIN13" sigUse="4" signal="red1_SPECSIG"><pterms pt1="FB1_10_1" pt2="FB1_10_2" pt3="FB1_10_3" pt4="FB1_10_4"/></macrocell><macrocell id="FB1_MC11" pin="FB1_MC11_PIN10" sigUse="11" signal="hcnt6_SPECSIG"><pterms pt1="FB1_11_1" pt2="FB1_11_2" pt3="FB1_11_3" pt4="FB1_11_4" pt5="FB1_11_5"/></macrocell><macrocell id="FB1_MC12" pin="FB1_MC12_PIN18" sigUse="11" signal="hcnt5_SPECSIG"><pterms pt1="FB1_12_1" pt2="FB1_12_2" pt3="FB1_12_3" pt4="FB1_12_4" pt5="FB1_12_5"/></macrocell><macrocell id="FB1_MC13" pin="FB1_MC13_PIN20"><pterms pt1="FB1_13_1" pt2="FB1_13_2" pt3="FB1_13_3" pt4="FB1_13_4"/></macrocell><macrocell id="FB1_MC14" pin="FB1_MC14_PIN12" sigUse="11" signal="hcnt4_SPECSIG"><pterms pt1="FB1_14_1" pt2="FB1_14_2" pt3="FB1_14_3" pt4="FB1_14_4" pt5="FB1_14_5"/></macrocell><macrocell id="FB1_MC15" pin="FB1_MC15_PIN14" sigUse="11" signal="hcnt1_SPECSIG"><pterms pt1="FB1_15_1" pt2="FB1_15_2" pt3="FB1_15_3" pt4="FB1_15_4" pt5="FB1_15_5"/></macrocell><macrocell id="FB1_MC16" pin="FB1_MC16_PIN23"><pterms pt1="FB1_16_1" pt2="FB1_16_2" pt3="FB1_16_3" pt4="FB1_16_4" pt5="FB1_16_5"/></macrocell><macrocell id="FB1_MC17" pin="FB1_MC17_PIN15" sigUse="15" signal="enable"><pterms pt1="FB1_17_1" pt2="FB1_17_2" pt3="FB1_17_3" pt4="FB1_17_4" pt5="FB1_17_5"/></macrocell><macrocell id="FB1_MC18" pin="FB1_MC18_PIN24" sigUse="11" signal="hcnt2_SPECSIG"><pterms pt1="FB1_18_1" pt2="FB1_18_2" pt3="FB1_18_3" pt4="FB1_18_4" pt5="FB1_18_5"/></macrocell><fbinput id="FB1_I1" fbk="LFBK" signal="enableFBKLFBK_SPECSIG"/><fbinput id="FB1_I2" signal="hcnt0_SPECSIG"/><fbinput id="FB1_I3" fbk="LFBK" signal="hcnt1FBKLFBK_SPECSIG"/><fbinput id="FB1_I4" fbk="LFBK" signal="hcnt2FBKLFBK_SPECSIG"/><fbinput id="FB1_I5" fbk="LFBK" signal="hcnt3FBKLFBK_SPECSIG"/><fbinput id="FB1_I6" fbk="LFBK" signal="hcnt4FBKLFBK_SPECSIG"/><fbinput id="FB1_I7" fbk="LFBK" signal="hcnt5FBKLFBK_SPECSIG"/><fbinput id="FB1_I8" fbk="LFBK" signal="hcnt6FBKLFBK_SPECSIG"/><fbinput id="FB1_I9" fbk="LFBK" signal="hcnt7FBKLFBK_SPECSIG"/><fbinput id="FB1_I10" signal="hcnt8_SPECSIG"/><fbinput id="FB1_I11" signal="hcnt9_SPECSIG"/><fbinput id="FB1_I12" fbk="LFBK" signal="hsyncintFBKLFBK_SPECSIG"/><fbinput id="FB1_I13" signal="orient"/><fbinput id="FB1_I14" signal="resetn"/><fbinput id="FB1_I15" signal="vcnt1_SPECSIG"/><fbinput id="FB1_I16" signal="vcnt2_SPECSIG"/><fbinput id="FB1_I17" signal="vcnt3_SPECSIG"/><fbinput id="FB1_I18" signal="vcnt4_SPECSIG"/><fbinput id="FB1_I19" signal="vcnt5_SPECSIG"/><fbinput id="FB1_I20" signal="vcnt6_SPECSIG"/><fbinput id="FB1_I21" signal="vcnt7_SPECSIG"/><fbinput id="FB1_I22" signal="vcnt8_SPECSIG"/><fbinput id="FB1_I23" signal="vcnt9_SPECSIG"/><pterm id="FB1_1_1"><signal id="hcnt8_SPECSIG"/></pterm><pterm id="FB1_1_2"><signal id="hcnt9_SPECSIG"/></pterm><pterm id="FB1_1_3"><signal id="hcnt2FBKLFBK_SPECSIG" negated="ON"/><signal id="hcnt3FBKLFBK_SPECSIG" negated="ON"/></pterm><pterm id="FB1_1_4"><signal id="hcnt1FBKLFBK_SPECSIG" negated="ON"/><signal id="hcnt3FBKLFBK_SPECSIG" negated="ON"/></pterm><pterm id="FB1_1_5"><signal id="resetn" negated="ON"/></pterm><pterm id="FB1_2_1"><signal id="vcnt2_SPECSIG"/><signal id="orient" negated="ON"/><signal id="enableFBKLFBK_SPECSIG"/></pterm><pterm id="FB1_2_2"><signal id="hcnt0_SPECSIG" negated="ON"/><signal id="hcnt3FBKLFBK_SPECSIG" negated="ON"/></pterm><pterm id="FB1_2_3"><signal id="hcnt0_SPECSIG"/><signal id="hcnt2FBKLFBK_SPECSIG"/><signal id="hcnt1FBKLFBK_SPECSIG"/><signal id="hcnt3FBKLFBK_SPECSIG"/></pterm><pterm id="FB1_2_4"><signal id="hcnt5FBKLFBK_SPECSIG"/><signal id="hcnt6FBKLFBK_SPECSIG"/><signal id="hcnt7FBKLFBK_SPECSIG"/><signal id="hcnt4FBKLFBK_SPECSIG"/></pterm><pterm id="FB1_2_5"><signal id="hcnt2FBKLFBK_SPECSIG"/><signal id="hcnt5FBKLFBK_SPECSIG"/><signal id="hcnt6FBKLFBK_SPECSIG"/><signal id="hcnt7FBKLFBK_SPECSIG"/><signal id="hcnt3FBKLFBK_SPECSIG"/></pterm><pterm id="FB1_3_1"><signal id="vcnt5_SPECSIG"/><signal id="orient" negated="ON"/><signal id="enableFBKLFBK_SPECSIG"/></pterm><pterm id="FB1_3_2"><signal id="orient"/><signal id="hcnt5FBKLFBK_SPECSIG"/><signal id="enableFBKLFBK_SPECSIG"/></pterm><pterm id="FB1_3_3"><signal id="orient"/><signal id="hcnt2FBKLFBK_SPECSIG"/><signal id="enableFBKLFBK_SPECSIG"/></pterm><pterm id="FB1_4_1"><signal id="vcnt4_SPECSIG"/><signal id="orient" negated="ON"/><signal id="enableFBKLFBK_SPECSIG"/></pterm><pterm id="FB1_4_2"><signal id="orient"/><signal id="hcnt4FBKLFBK_SPECSIG"/><signal id="enableFBKLFBK_SPECSIG"/></pterm><pterm id="FB1_5_1"><signal id="vcnt5_SPECSIG"/><signal id="vcnt6_SPECSIG"/><signal id="vcnt7_SPECSIG"/><signal id="vcnt2_SPECSIG" negated="ON"/><signal id="vcnt3_SPECSIG"/><signal id="vcnt4_SPECSIG" negated="ON"/><signal id="vcnt8_SPECSIG"/><signal id="vcnt1_SPECSIG"/><signal id="vcnt9_SPECSIG" negated="ON"/></pterm><pterm id="FB1_5_2"><signal id="resetn" negated="ON"/></pterm><pterm id="FB1_5_3"><signal id="hsyncintFBKLFBK_SPECSIG"/></pterm><pterm id="FB1_6_1"><signal id="hcnt8_SPECSIG" negated="ON"/><signal id="hcnt9_SPECSIG" negated="ON"/><signal id="hcnt2FBKLFBK_SPECSIG"/><signal id="hcnt5FBKLFBK_SPECSIG" negated="ON"/><signal id="hcnt6FBKLFBK_SPECSIG"/><signal id="hcnt7FBKLFBK_SPECSIG"/><signal id="hcnt3FBKLFBK_SPECSIG" negated="ON"/></pterm><pterm id="FB1_6_2"><signal id="hcnt8_SPECSIG" negated="ON"/><signal id="hcnt9_SPECSIG" negated="ON"/><signal id="hcnt2FBKLFBK_SPECSIG" negated="ON"/><signal id="hcnt5FBKLFBK_SPECSIG" negated="ON"/><signal id="hcnt6FBKLFBK_SPECSIG"/><signal id="hcnt7FBKLFBK_SPECSIG"/><signal id="hcnt1FBKLFBK_SPECSIG"/></pterm><pterm id="FB1_6_3"><signal id="hcnt8_SPECSIG" negated="ON"/><signal id="hcnt9_SPECSIG" negated="ON"/><signal id="hcnt5FBKLFBK_SPECSIG" negated="ON"/><signal id="hcnt6FBKLFBK_SPECSIG"/><signal id="hcnt7FBKLFBK_SPECSIG"/><signal id="hcnt1FBKLFBK_SPECSIG" negated="ON"/><signal id="hcnt4FBKLFBK_SPECSIG"/></pterm><pterm id="FB1_6_4"><signal id="hcnt8_SPECSIG" negated="ON"/><signal id="hcnt9_SPECSIG" negated="ON"/><signal id="hcnt5FBKLFBK_SPECSIG" negated="ON"/><signal id="hcnt6FBKLFBK_SPECSIG"/><signal id="hcnt7FBKLFBK_SPECSIG"/><signal id="hcnt3FBKLFBK_SPECSIG"/><signal id="hcnt4FBKLFBK_SPECSIG" negated="ON"/></pterm><pterm id="FB1_6_5"><signal id="resetn" negated="ON"/></pterm><pterm id="FB1_7_1"><signal id="vcnt6_SPECSIG"/><signal id="orient" negated="ON"/><signal id="enableFBKLFBK_SPECSIG"/></pterm><pterm id="FB1_7_2"><signal id="orient"/><signal id="hcnt6FBKLFBK_SPECSIG"/><signal id="enableFBKLFBK_SPECSIG"/></pterm><pterm id="FB1_8_1"><signal id="vcnt3_SPECSIG"/><signal id="orient" negated="ON"/><signal id="enableFBKLFBK_SPECSIG"/></pterm><pterm id="FB1_8_2"><signal id="orient"/><signal id="hcnt3FBKLFBK_SPECSIG"/><signal id="enableFBKLFBK_SPECSIG"/></pterm><pterm id="FB1_8_3"><signal id="hcnt8_SPECSIG" negated="ON"/><signal id="hcnt0_SPECSIG"/><signal id="hcnt9_SPECSIG" negated="ON"/><signal id="hcnt2FBKLFBK_SPECSIG"/><signal id="hcnt5FBKLFBK_SPECSIG"/><signal id="hcnt6FBKLFBK_SPECSIG"/><signal id="hcnt7FBKLFBK_SPECSIG" negated="ON"/><signal id="hcnt1FBKLFBK_SPECSIG"/><signal id="hcnt3FBKLFBK_SPECSIG"/><signal id="hcnt4FBKLFBK_SPECSIG"/></pterm><pterm id="FB1_9_1"><signal id="hcnt8_SPECSIG" negated="ON"/><signal id="hcnt9_SPECSIG" negated="ON"/><signal id="hcnt5FBKLFBK_SPECSIG" negated="ON"/><signal id="hcnt7FBKLFBK_SPECSIG"/></pterm><pterm id="FB1_9_2"><signal id="hcnt8_SPECSIG" negated="ON"/><signal id="hcnt9_SPECSIG" negated="ON"/><signal id="hcnt6FBKLFBK_SPECSIG" negated="ON"/><signal id="hcnt7FBKLFBK_SPECSIG"/></pterm><pterm id="FB1_9_3"><signal id="hcnt8_SPECSIG" negated="ON"/><signal id="hcnt9_SPECSIG" negated="ON"/><signal id="hcnt2FBKLFBK_SPECSIG" negated="ON"/><signal id="hcnt7FBKLFBK_SPECSIG"/><signal id="hcnt4FBKLFBK_SPECSIG" negated="ON"/></pterm><pterm id="FB1_9_4"><signal id="hcnt8_SPECSIG" negated="ON"/><signal id="hcnt9_SPECSIG" negated="ON"/><signal id="hcnt7FBKLFBK_SPECSIG"/><signal id="hcnt3FBKLFBK_SPECSIG" negated="ON"/><signal id="hcnt4FBKLFBK_SPECSIG" negated="ON"/></pterm><pterm id="FB1_9_5"><signal id="resetn" negated="ON"/></pterm><pterm id="FB1_10_1"><signal id="vcnt7_SPECSIG"/><signal id="orient" negated="ON"/><signal id="enableFBKLFBK_SPECSIG"/></pterm><pterm id="FB1_10_2"><signal id="orient"/><signal id="hcnt7FBKLFBK_SPECSIG"/><signal id="enableFBKLFBK_SPECSIG"/></pterm><pterm id="FB1_10_3"><signal id="hcnt8_SPECSIG"/><signal id="hcnt6FBKLFBK_SPECSIG"/></pterm><pterm id="FB1_10_4"><signal id="hcnt9_SPECSIG"/><signal id="hcnt6FBKLFBK_SPECSIG"/></pterm><pterm id="FB1_11_1"><signal id="hcnt5FBKLFBK_SPECSIG"/><signal id="hcnt6FBKLFBK_SPECSIG"/><signal id="hcnt7FBKLFBK_SPECSIG"/><signal id="hcnt4FBKLFBK_SPECSIG"/></pterm><pterm id="FB1_11_2"><signal id="hcnt2FBKLFBK_SPECSIG"/><signal id="hcnt5FBKLFBK_SPECSIG"/><signal id="hcnt6FBKLFBK_SPECSIG"/><signal id="hcnt7FBKLFBK_SPECSIG"/><signal id="hcnt3FBKLFBK_SPECSIG"/></pterm><pterm id="FB1_11_3"><signal id="hcnt8_SPECSIG" negated="ON"/><signal id="hcnt0_SPECSIG"/><signal id="hcnt9_SPECSIG" negated="ON"/><signal id="hcnt2FBKLFBK_SPECSIG"/><signal id="hcnt5FBKLFBK_SPECSIG"/><signal id="hcnt1FBKLFBK_SPECSIG"/><signal id="hcnt3FBKLFBK_SPECSIG"/><signal id="hcnt4FBKLFBK_SPECSIG"/></pterm><pterm id="FB1_11_4"><signal id="resetn" negated="ON"/></pterm><pterm id="FB1_11_5"><signal id="hcnt8_SPECSIG" negated="ON"/><signal id="hcnt0_SPECSIG"/><signal id="hcnt9_SPECSIG" negated="ON"/><signal id="hcnt2FBKLFBK_SPECSIG"/><signal id="hcnt1FBKLFBK_SPECSIG"/><signal id="hcnt3FBKLFBK_SPECSIG"/><signal id="hcnt4FBKLFBK_SPECSIG"/></pterm><pterm id="FB1_12_1"><signal id="hcnt8_SPECSIG"/><signal id="hcnt5FBKLFBK_SPECSIG"/></pterm><pterm id="FB1_12_2"><signal id="hcnt9_SPECSIG"/><signal id="hcnt5FBKLFBK_SPECSIG"/></pterm><pterm id="FB1_12_3"><signal id="hcnt5FBKLFBK_SPECSIG"/><signal id="hcnt6FBKLFBK_SPECSIG"/><signal id="hcnt7FBKLFBK_SPECSIG"/><signal id="hcnt4FBKLFBK_SPECSIG"/></pterm><pterm id="FB1_12_4"><signal id="hcnt2FBKLFBK_SPECSIG"/><signal id="hcnt5FBKLFBK_SPECSIG"/><signal id="hcnt6FBKLFBK_SPECSIG"/><signal id="hcnt7FBKLFBK_SPECSIG"/><signal id="hcnt3FBKLFBK_SPECSIG"/></pterm><pterm id="FB1_12_5"><signal id="resetn" negated="ON"/></pterm><pterm id="FB1_13_1"><signal id="hcnt5FBKLFBK_SPECSIG"/><signal id="hcnt6FBKLFBK_SPECSIG"/><signal id="hcnt7FBKLFBK_SPECSIG"/><signal id="hcnt4FBKLFBK_SPECSIG"/></pterm><pterm id="FB1_13_2"><signal id="hcnt8_SPECSIG" negated="ON"/><signal id="hcnt0_SPECSIG"/><signal id="hcnt9_SPECSIG" negated="ON"/><signal id="hcnt2FBKLFBK_SPECSIG"/><signal id="hcnt5FBKLFBK_SPECSIG" negated="ON"/><signal id="hcnt1FBKLFBK_SPECSIG"/><signal id="hcnt3FBKLFBK_SPECSIG"/></pterm><pterm id="FB1_13_3"><signal id="hcnt8_SPECSIG" negated="ON"/><signal id="hcnt0_SPECSIG"/><signal id="hcnt9_SPECSIG" negated="ON"/><signal id="hcnt2FBKLFBK_SPECSIG"/><signal id="hcnt6FBKLFBK_SPECSIG" negated="ON"/><signal id="hcnt1FBKLFBK_SPECSIG"/><signal id="hcnt3FBKLFBK_SPECSIG"/></pterm><pterm id="FB1_13_4"><signal id="hcnt8_SPECSIG" negated="ON"/><signal id="hcnt0_SPECSIG"/><signal id="hcnt9_SPECSIG" negated="ON"/><signal id="hcnt2FBKLFBK_SPECSIG"/><signal id="hcnt7FBKLFBK_SPECSIG" negated="ON"/><signal id="hcnt1FBKLFBK_SPECSIG"/><signal id="hcnt3FBKLFBK_SPECSIG"/></pterm><pterm id="FB1_14_1"><signal id="hcnt8_SPECSIG"/><signal id="hcnt4FBKLFBK_SPECSIG"/></pterm><pterm id="FB1_14_2"><signal id="hcnt9_SPECSIG"/><signal id="hcnt4FBKLFBK_SPECSIG"/></pterm><pterm id="FB1_14_3"><signal id="resetn" negated="ON"/></pterm><pterm id="FB1_14_4"><signal id="hcnt5FBKLFBK_SPECSIG"/><signal id="hcnt6FBKLFBK_SPECSIG"/><signal id="hcnt7FBKLFBK_SPECSIG"/><signal id="hcnt4FBKLFBK_SPECSIG"/></pterm><pterm id="FB1_14_5"><signal id="hcnt2FBKLFBK_SPECSIG"/><signal id="hcnt5FBKLFBK_SPECSIG"/><signal id="hcnt6FBKLFBK_SPECSIG"/><signal id="hcnt7FBKLFBK_SPECSIG"/><signal id="hcnt3FBKLFBK_SPECSIG"/></pterm><pterm id="FB1_15_1"><signal id="hcnt8_SPECSIG"/></pterm><pterm id="FB1_15_2"><signal id="hcnt9_SPECSIG"/></pterm><pterm id="FB1_15_3"><signal id="hcnt0_SPECSIG"/><signal id="hcnt1FBKLFBK_SPECSIG"/></pterm><pterm id="FB1_15_4"><signal id="hcnt0_SPECSIG" negated="ON"/><signal id="hcnt1FBKLFBK_SPECSIG" negated="ON"/></pterm><pterm id="FB1_15_5"><signal id="resetn" negated="ON"/></pterm><pterm id="FB1_16_1"><signal id="vcnt9_SPECSIG"/></pterm><pterm id="FB1_16_2"><signal id="hcnt6FBKLFBK_SPECSIG"/><signal id="hcnt7FBKLFBK_SPECSIG"/></pterm><pterm id="FB1_16_3"><signal id="vcnt5_SPECSIG"/><signal id="vcnt6_SPECSIG"/><signal id="vcnt7_SPECSIG"/><signal id="vcnt8_SPECSIG"/></pterm><pterm id="FB1_16_4"><signal id="hcnt0_SPECSIG"/><signal id="hcnt2FBKLFBK_SPECSIG"/><signal id="hcnt5FBKLFBK_SPECSIG"/><signal id="hcnt7FBKLFBK_SPECSIG"/><signal id="hcnt3FBKLFBK_SPECSIG"/><signal id="hcnt4FBKLFBK_SPECSIG"/></pterm><pterm id="FB1_16_5"><signal id="hcnt2FBKLFBK_SPECSIG"/><signal id="hcnt5FBKLFBK_SPECSIG"/><signal id="hcnt7FBKLFBK_SPECSIG"/><signal id="hcnt1FBKLFBK_SPECSIG"/><signal id="hcnt3FBKLFBK_SPECSIG"/><signal id="hcnt4FBKLFBK_SPECSIG"/></pterm><pterm id="FB1_17_1"><signal id="hcnt8_SPECSIG"/></pterm><pterm id="FB1_17_2"><signal id="hcnt9_SPECSIG"/></pterm><pterm id="FB1_17_3"><signal id="hcnt0_SPECSIG"/><signal id="hcnt2FBKLFBK_SPECSIG"/><signal id="hcnt1FBKLFBK_SPECSIG"/></pterm><pterm id="FB1_17_4"><signal id="hcnt5FBKLFBK_SPECSIG"/><signal id="hcnt6FBKLFBK_SPECSIG"/><signal id="hcnt7FBKLFBK_SPECSIG"/><signal id="hcnt4FBKLFBK_SPECSIG"/></pterm><pterm id="FB1_17_5"><signal id="hcnt2FBKLFBK_SPECSIG"/><signal id="hcnt5FBKLFBK_SPECSIG"/><signal id="hcnt6FBKLFBK_SPECSIG"/><signal id="hcnt7FBKLFBK_SPECSIG"/><signal id="hcnt3FBKLFBK_SPECSIG"/></pterm><pterm id="FB1_18_1"><signal id="hcnt8_SPECSIG"/></pterm><pterm id="FB1_18_2"><signal id="hcnt9_SPECSIG"/></pterm><pterm id="FB1_18_3"><signal id="hcnt0_SPECSIG" negated="ON"/><signal id="hcnt2FBKLFBK_SPECSIG" negated="ON"/></pterm><pterm id="FB1_18_4"><signal id="hcnt2FBKLFBK_SPECSIG" negated="ON"/><signal id="hcnt1FBKLFBK_SPECSIG" negated="ON"/></pterm><pterm id="FB1_18_5"><signal id="resetn" negated="ON"/></pterm><equation id="hcnt3_SPECSIG" regUse="D" negated="ON"><d2><eq_pterm ptindx="FB1_1_1"/><eq_pterm ptindx="FB1_1_2"/><eq_pterm ptindx="FB1_1_3"/><eq_pterm ptindx="FB1_1_4"/><eq_pterm import="1" ptindx="FB1_2_2"/><eq_pterm import="1" ptindx="FB1_2_3"/><eq_pterm import="1" ptindx="FB1_2_4"/><eq_pterm import="1" ptindx="FB1_2_5"/></d2><clk><fastsig signal="clock"/></clk><reset><eq_pterm ptindx="FB1_1_5"/></reset><prld ptindx="GND"/></equation><equation id="blue0_SPECSIG"><d2><eq_pterm ptindx="FB1_2_1"/><eq_pterm import="1" ptindx="FB1_3_3"/></d2></equation><equation id="green1_SPECSIG"><d2><eq_pterm ptindx="FB1_3_1"/><eq_pterm ptindx="FB1_3_2"/></d2></equation><equation id="green0_SPECSIG"><d2><eq_pterm ptindx="FB1_4_1"/><eq_pterm ptindx="FB1_4_2"/></d2></equation><equation id="Vsync" regUse="D" negated="ON"><d2><eq_pterm ptindx="FB1_5_1"/></d2><clk><eq_pterm ptindx="FB1_5_3"/></clk><set><eq_pterm ptindx="FB1_5_2"/></set><prld ptindx="GND"/></equation><equation id="Hsync" regUse="D" negated="ON"><d2><eq_pterm ptindx="FB1_6_1"/><eq_pterm ptindx="FB1_6_2"/><eq_pterm ptindx="FB1_6_3"/><eq_pterm ptindx="FB1_6_4"/></d2><clk><fastsig signal="clock"/></clk><set><eq_pterm ptindx="FB1_6_5"/></set><prld ptindx="GND"/></equation><equation id="red0_SPECSIG"><d2><eq_pterm ptindx="FB1_7_1"/><eq_pterm ptindx="FB1_7_2"/></d2></equation><equation id="blue1_SPECSIG"><d2><eq_pterm ptindx="FB1_8_1"/><eq_pterm ptindx="FB1_8_2"/></d2></equation><equation id="hcnt7_SPECSIG" regUse="D"><d2><eq_pterm ptindx="FB1_9_1"/><eq_pterm ptindx="FB1_9_2"/><eq_pterm ptindx="FB1_9_3"/><eq_pterm ptindx="FB1_9_4"/><eq_pterm import="1" ptindx="FB1_8_3"/></d2><clk><fastsig signal="clock"/></clk><reset><eq_pterm ptindx="FB1_9_5"/></reset><prld ptindx="GND"/></equation><equation id="red1_SPECSIG"><d2><eq_pterm ptindx="FB1_10_1"/><eq_pterm ptindx="FB1_10_2"/></d2></equation><equation id="hcnt6_SPECSIG" regUse="T"><d2><eq_pterm ptindx="FB1_11_1"/><eq_pterm ptindx="FB1_11_2"/><eq_pterm ptindx="FB1_11_3"/><eq_pterm import="1" ptindx="FB1_10_3"/><eq_pterm import="1" ptindx="FB1_10_4"/></d2><clk><fastsig signal="clock"/></clk><reset><eq_pterm ptindx="FB1_11_4"/></reset><prld ptindx="GND"/></equation><equation id="hcnt5_SPECSIG" regUse="T"><d2><eq_pterm ptindx="FB1_12_1"/><eq_pterm ptindx="FB1_12_2"/><eq_pterm ptindx="FB1_12_3"/><eq_pterm ptindx="FB1_12_4"/><eq_pterm import="1" ptindx="FB1_11_5"/></d2><clk><fastsig signal="clock"/></clk><reset><eq_pterm ptindx="FB1_12_5"/></reset><prld ptindx="GND"/></equation><equation id="hcnt4_SPECSIG" regUse="T"><d2><eq_pterm ptindx="FB1_14_1"/><eq_pterm ptindx="FB1_14_2"/><eq_pterm import="1" ptindx="FB1_13_1"/><eq_pterm import="1" ptindx="FB1_13_2"/><eq_pterm import="1" ptindx="FB1_13_3"/><eq_pterm import="1" ptindx="FB1_13_4"/></d2><clk><fastsig signal="clock"/></clk><reset><eq_pterm ptindx="FB1_14_3"/></reset><prld ptindx="GND"/></equation><equation id="hcnt1_SPECSIG" regUse="D" negated="ON"><d2><eq_pterm ptindx="FB1_15_1"/><eq_pterm ptindx="FB1_15_2"/><eq_pterm ptindx="FB1_15_3"/><eq_pterm ptindx="FB1_15_4"/><eq_pterm import="1" ptindx="FB1_14_4"/><eq_pterm import="1" ptindx="FB1_14_5"/></d2><clk><fastsig signal="clock"/></clk><reset><eq_pterm ptindx="FB1_15_5"/></reset><prld ptindx="GND"/></equation><equation id="enable" regUse="D" negated="ON"><d2><eq_pterm ptindx="FB1_17_1"/><eq_pterm ptindx="FB1_17_2"/><eq_pterm import="1" ptindx="FB1_16_1"/><eq_pterm import="1" ptindx="FB1_16_2"/><eq_pterm import="1" ptindx="FB1_16_3"/><eq_pterm import="1" ptindx="FB1_16_4"/><eq_pterm import="1" ptindx="FB1_16_5"/></d2><clk><fastsig signal="clock"/></clk><prld ptindx="GND"/></equation><equation id="hcnt2_SPECSIG" regUse="D" negated="ON"><d2><eq_pterm ptindx="FB1_18_1"/><eq_pterm ptindx="FB1_18_2"/><eq_pterm ptindx="FB1_18_3"/><eq_pterm ptindx="FB1_18_4"/><eq_pterm import="1" ptindx="FB1_17_3"/><eq_pterm import="1" ptindx="FB1_17_4"/><eq_pterm import="1" ptindx="FB1_17_5"/></d2><clk><fastsig signal="clock"/></clk><reset><eq_pterm ptindx="FB1_18_5"/></reset><prld ptindx="GND"/></equation></fblock><fblock id="FB2" pinUse="1" inputUse="21"><macrocell id="FB2_MC1" pin="FB2_MC1_PIN63" sigUse="12" signal="vcnt3_SPECSIG"><pterms pt1="FB2_1_1" pt2="FB2_1_2" pt3="FB2_1_3" pt4="FB2_1_4" pt5="FB2_1_5"/></macrocell><macrocell id="FB2_MC2" pin="FB2_MC2_PIN69" sigUse="12" signal="vcnt2_SPECSIG"><pterms pt1="FB2_2_1" pt2="FB2_2_2" pt3="FB2_2_3" pt4="FB2_2_4" pt5="FB2_2_5"/></macrocell><macrocell id="FB2_MC3" pin="FB2_MC3_PIN67"><pterms pt1="FB2_3_1" pt2="FB2_3_2" pt3="FB2_3_3" pt4="FB2_3_4"/></macrocell><macrocell id="FB2_MC4" pin="FB2_MC4_PIN68"/><macrocell id="FB2_MC5" pin="FB2_MC5_PIN70"/><macrocell id="FB2_MC6" pin="FB2_MC6_PIN71"/><macrocell id="FB2_MC7" pin="FB2_MC7_PIN76"><pterms pt1="FB2_7_1" pt2="FB2_7_2" pt3="FB2_7_3" pt4="FB2_7_4"/></macrocell><macrocell id="FB2_MC8" pin="FB2_MC8_PIN72" sigUse="12" signal="vcnt1_SPECSIG"><pterms pt1="FB2_8_1" pt2="FB2_8_2" pt3="FB2_8_3" pt4="FB2_8_4" pt5="FB2_8_5"/></macrocell><macrocell id="FB2_MC9" pin="FB2_MC9_PIN74" sigUse="12" signal="vcnt0_SPECSIG"><pterms pt1="FB2_9_1" pt2="FB2_9_2" pt3="FB2_9_3" pt4="FB2_9_4" pt5="FB2_9_5"/></macrocell><macrocell id="FB2_MC10" pin="FB2_MC10_PIN75" sigUse="12" signal="vcnt9_SPECSIG"><pterms pt1="FB2_10_1" pt2="FB2_10_2" pt3="FB2_10_3" pt4="FB2_10_4" pt5="FB2_10_5"/></macrocell><macrocell id="FB2_MC11" pin="FB2_MC11_PIN77" sigUse="10" signal="hcnt0_SPECSIG"><pterms pt1="FB2_11_1" pt2="FB2_11_2" pt3="FB2_11_3" pt4="FB2_11_4" pt5="FB2_11_5"/></macrocell><macrocell id="FB2_MC12" pin="FB2_MC12_PIN79" sigUse="8" signal="vcnt4_SPECSIG"><pterms pt1="FB2_12_1" pt2="FB2_12_2" pt3="FB2_12_3" pt4="FB2_12_4" pt5="FB2_12_5"/></macrocell><macrocell id="FB2_MC13" pin="FB2_MC13_PIN80" sigUse="9" signal="vcnt5_SPECSIG"><pterms pt1="FB2_13_1" pt2="FB2_13_2" pt3="FB2_13_3" pt4="FB2_13_4"/></macrocell><macrocell id="FB2_MC14" pin="FB2_MC14_PIN81" sigUse="10" signal="vcnt6_SPECSIG"><pterms pt1="FB2_14_1" pt2="FB2_14_2" pt3="FB2_14_3" pt4="FB2_14_4"/></macrocell><macrocell id="FB2_MC15" pin="FB2_MC15_PIN83" sigUse="11" signal="vcnt7_SPECSIG"><pterms pt1="FB2_15_1" pt2="FB2_15_2" pt3="FB2_15_3" pt4="FB2_15_4"/></macrocell><macrocell id="FB2_MC16" pin="FB2_MC16_PIN82" sigUse="12" signal="vcnt8_SPECSIG"><pterms pt1="FB2_16_1" pt2="FB2_16_2" pt3="FB2_16_3" pt4="FB2_16_4"/></macrocell><macrocell id="FB2_MC17" pin="FB2_MC17_PIN84" sigUse="1" signal="hcnt8_SPECSIG"><pterms pt1="FB2_17_1"/></macrocell><macrocell id="FB2_MC18" sigUse="1" signal="hcnt9_SPECSIG"><pterms pt1="FB2_18_1" pt2="FB2_18_2" pt3="FB2_18_3" pt4="FB2_18_4" pt5="FB2_18_5"/></macrocell><fbinput id="FB2_I1" fbk="PIN" signal="HsyncPIN_SPECSIG"/><fbinput id="FB2_I2" fbk="LFBK" signal="hcnt0FBKLFBK_SPECSIG"/><fbinput id="FB2_I3" signal="hcnt2_SPECSIG"/><fbinput id="FB2_I4" signal="hcnt3_SPECSIG"/><fbinput id="FB2_I5" signal="hcnt4_SPECSIG"/><fbinput id="FB2_I6" signal="hcnt5_SPECSIG"/><fbinput id="FB2_I7" signal="hcnt6_SPECSIG"/><fbinput id="FB2_I8" signal="hcnt7_SPECSIG"/><fbinput id="FB2_I9" fbk="LFBK" signal="hcnt8FBKLFBK_SPECSIG"/><fbinput id="FB2_I10" fbk="LFBK" signal="hcnt9FBKLFBK_SPECSIG"/><fbinput id="FB2_I11" signal="resetn"/><fbinput id="FB2_I12" fbk="LFBK" signal="vcnt0FBKLFBK_SPECSIG"/><fbinput id="FB2_I13" fbk="LFBK" signal="vcnt1FBKLFBK_SPECSIG"/><fbinput id="FB2_I14" fbk="LFBK" signal="vcnt2FBKLFBK_SPECSIG"/><fbinput id="FB2_I15" fbk="LFBK" signal="vcnt3FBKLFBK_SPECSIG"/><fbinput id="FB2_I16" fbk="LFBK" signal="vcnt4FBKLFBK_SPECSIG"/><fbinput id="FB2_I17" fbk="LFBK" signal="vcnt5FBKLFBK_SPECSIG"/><fbinput id="FB2_I18" fbk="LFBK" signal="vcnt6FBKLFBK_SPECSIG"/><fbinput id="FB2_I19" fbk="LFBK" signal="vcnt7FBKLFBK_SPECSIG"/><fbinput id="FB2_I20" fbk="LFBK" signal="vcnt8FBKLFBK_SPECSIG"/><fbinput id="FB2_I21" fbk="LFBK" signal="vcnt9FBKLFBK_SPECSIG"/><pterm id="FB2_1_1"><signal id="vcnt2FBKLFBK_SPECSIG" negated="ON"/><signal id="vcnt3FBKLFBK_SPECSIG"/><signal id="vcnt9FBKLFBK_SPECSIG" negated="ON"/></pterm><pterm id="FB2_1_2"><signal id="vcnt3FBKLFBK_SPECSIG"/><signal id="vcnt0FBKLFBK_SPECSIG" negated="ON"/><signal id="vcnt9FBKLFBK_SPECSIG" negated="ON"/></pterm><pterm id="FB2_1_3"><signal id="vcnt3FBKLFBK_SPECSIG"/><signal id="vcnt1FBKLFBK_SPECSIG" negated="ON"/><signal id="vcnt9FBKLFBK_SPECSIG" negated="ON"/></pterm><pterm id="FB2_1_4"><signal id="resetn" negated="ON"/></pterm><pterm id="FB2_1_5"><signal id="HsyncPIN_SPECSIG"/></pterm><pterm id="FB2_2_1"><signal id="vcnt2FBKLFBK_SPECSIG"/><signal id="vcnt0FBKLFBK_SPECSIG" negated="ON"/><signal id="vcnt9FBKLFBK_SPECSIG" negated="ON"/></pterm><pterm id="FB2_2_2"><signal id="vcnt2FBKLFBK_SPECSIG"/><signal id="vcnt1FBKLFBK_SPECSIG" negated="ON"/><signal id="vcnt9FBKLFBK_SPECSIG" negated="ON"/></pterm><pterm id="FB2_2_3"><signal id="vcnt2FBKLFBK_SPECSIG" negated="ON"/><signal id="vcnt0FBKLFBK_SPECSIG"/><signal id="vcnt1FBKLFBK_SPECSIG"/><signal id="vcnt9FBKLFBK_SPECSIG" negated="ON"/></pterm><pterm id="FB2_2_4"><signal id="resetn" negated="ON"/></pterm><pterm id="FB2_2_5"><signal id="HsyncPIN_SPECSIG"/></pterm><pterm id="FB2_3_1"><signal id="vcnt2FBKLFBK_SPECSIG"/><signal id="vcnt3FBKLFBK_SPECSIG" negated="ON"/><signal id="vcnt4FBKLFBK_SPECSIG" negated="ON"/><signal id="vcnt0FBKLFBK_SPECSIG" negated="ON"/><signal id="vcnt5FBKLFBK_SPECSIG" negated="ON"/><signal id="vcnt6FBKLFBK_SPECSIG" negated="ON"/><signal id="vcnt7FBKLFBK_SPECSIG" negated="ON"/><signal id="vcnt8FBKLFBK_SPECSIG" negated="ON"/></pterm><pterm id="FB2_3_2"><signal id="vcnt2FBKLFBK_SPECSIG"/><signal id="vcnt3FBKLFBK_SPECSIG" negated="ON"/><signal id="vcnt4FBKLFBK_SPECSIG" negated="ON"/><signal id="vcnt1FBKLFBK_SPECSIG" negated="ON"/><signal id="vcnt5FBKLFBK_SPECSIG" negated="ON"/><signal id="vcnt6FBKLFBK_SPECSIG" negated="ON"/><signal id="vcnt7FBKLFBK_SPECSIG" negated="ON"/><signal id="vcnt8FBKLFBK_SPECSIG" negated="ON"/></pterm><pterm id="FB2_3_3"><signal id="vcnt2FBKLFBK_SPECSIG"/><signal id="vcnt4FBKLFBK_SPECSIG" negated="ON"/><signal id="vcnt0FBKLFBK_SPECSIG" negated="ON"/><signal id="vcnt1FBKLFBK_SPECSIG" negated="ON"/><signal id="vcnt5FBKLFBK_SPECSIG" negated="ON"/><signal id="vcnt6FBKLFBK_SPECSIG" negated="ON"/><signal id="vcnt7FBKLFBK_SPECSIG" negated="ON"/><signal id="vcnt8FBKLFBK_SPECSIG" negated="ON"/></pterm><pterm id="FB2_3_4"><signal id="vcnt2FBKLFBK_SPECSIG" negated="ON"/><signal id="vcnt4FBKLFBK_SPECSIG" negated="ON"/><signal id="vcnt0FBKLFBK_SPECSIG"/><signal id="vcnt1FBKLFBK_SPECSIG"/><signal id="vcnt5FBKLFBK_SPECSIG" negated="ON"/><signal id="vcnt6FBKLFBK_SPECSIG" negated="ON"/><signal id="vcnt7FBKLFBK_SPECSIG" negated="ON"/><signal id="vcnt8FBKLFBK_SPECSIG" negated="ON"/></pterm><pterm id="FB2_7_1"><signal id="vcnt2FBKLFBK_SPECSIG" negated="ON"/><signal id="vcnt4FBKLFBK_SPECSIG" negated="ON"/><signal id="vcnt0FBKLFBK_SPECSIG"/><signal id="vcnt1FBKLFBK_SPECSIG" negated="ON"/><signal id="vcnt5FBKLFBK_SPECSIG" negated="ON"/><signal id="vcnt6FBKLFBK_SPECSIG" negated="ON"/><signal id="vcnt7FBKLFBK_SPECSIG" negated="ON"/><signal id="vcnt8FBKLFBK_SPECSIG" negated="ON"/></pterm><pterm id="FB2_7_2"><signal id="vcnt2FBKLFBK_SPECSIG" negated="ON"/><signal id="vcnt4FBKLFBK_SPECSIG" negated="ON"/><signal id="vcnt0FBKLFBK_SPECSIG" negated="ON"/><signal id="vcnt1FBKLFBK_SPECSIG"/><signal id="vcnt5FBKLFBK_SPECSIG" negated="ON"/><signal id="vcnt6FBKLFBK_SPECSIG" negated="ON"/><signal id="vcnt7FBKLFBK_SPECSIG" negated="ON"/><signal id="vcnt8FBKLFBK_SPECSIG" negated="ON"/></pterm><pterm id="FB2_7_3"><signal id="vcnt3FBKLFBK_SPECSIG" negated="ON"/><signal id="vcnt4FBKLFBK_SPECSIG" negated="ON"/><signal id="vcnt0FBKLFBK_SPECSIG"/><signal id="vcnt1FBKLFBK_SPECSIG" negated="ON"/><signal id="vcnt5FBKLFBK_SPECSIG" negated="ON"/><signal id="vcnt6FBKLFBK_SPECSIG" negated="ON"/><signal id="vcnt7FBKLFBK_SPECSIG" negated="ON"/><signal id="vcnt8FBKLFBK_SPECSIG" negated="ON"/></pterm><pterm id="FB2_7_4"><signal id="vcnt3FBKLFBK_SPECSIG" negated="ON"/><signal id="vcnt4FBKLFBK_SPECSIG" negated="ON"/><signal id="vcnt0FBKLFBK_SPECSIG" negated="ON"/><signal id="vcnt1FBKLFBK_SPECSIG"/><signal id="vcnt5FBKLFBK_SPECSIG" negated="ON"/><signal id="vcnt6FBKLFBK_SPECSIG" negated="ON"/><signal id="vcnt7FBKLFBK_SPECSIG" negated="ON"/><signal id="vcnt8FBKLFBK_SPECSIG" negated="ON"/></pterm><pterm id="FB2_8_1"><signal id="vcnt0FBKLFBK_SPECSIG"/><signal id="vcnt1FBKLFBK_SPECSIG" negated="ON"/><signal id="vcnt9FBKLFBK_SPECSIG" negated="ON"/></pterm><pterm id="FB2_8_2"><signal id="vcnt0FBKLFBK_SPECSIG" negated="ON"/><signal id="vcnt1FBKLFBK_SPECSIG"/><signal id="vcnt9FBKLFBK_SPECSIG" negated="ON"/></pterm><pterm id="FB2_8_3"><signal id="resetn" negated="ON"/></pterm><pterm id="FB2_8_4"><signal id="HsyncPIN_SPECSIG"/></pterm><pterm id="FB2_8_5"><signal id="vcnt4FBKLFBK_SPECSIG" negated="ON"/><signal id="vcnt0FBKLFBK_SPECSIG" negated="ON"/><signal id="vcnt1FBKLFBK_SPECSIG" negated="ON"/><signal id="vcnt5FBKLFBK_SPECSIG" negated="ON"/><signal id="vcnt6FBKLFBK_SPECSIG" negated="ON"/><signal id="vcnt7FBKLFBK_SPECSIG" negated="ON"/><signal id="vcnt8FBKLFBK_SPECSIG" negated="ON"/></pterm><pterm id="FB2_9_1"><signal id="vcnt0FBKLFBK_SPECSIG" negated="ON"/><signal id="vcnt9FBKLFBK_SPECSIG" negated="ON"/></pterm><pterm id="FB2_9_2"><signal id="vcnt2FBKLFBK_SPECSIG" negated="ON"/><signal id="vcnt4FBKLFBK_SPECSIG" negated="ON"/><signal id="vcnt0FBKLFBK_SPECSIG" negated="ON"/><signal id="vcnt5FBKLFBK_SPECSIG" negated="ON"/><signal id="vcnt6FBKLFBK_SPECSIG" negated="ON"/><signal id="vcnt7FBKLFBK_SPECSIG" negated="ON"/><signal id="vcnt8FBKLFBK_SPECSIG" negated="ON"/></pterm><pterm id="FB2_9_3"><signal id="vcnt3FBKLFBK_SPECSIG" negated="ON"/><signal id="vcnt4FBKLFBK_SPECSIG" negated="ON"/><signal id="vcnt0FBKLFBK_SPECSIG" negated="ON"/><signal id="vcnt5FBKLFBK_SPECSIG" negated="ON"/><signal id="vcnt6FBKLFBK_SPECSIG" negated="ON"/><signal id="vcnt7FBKLFBK_SPECSIG" negated="ON"/><signal id="vcnt8FBKLFBK_SPECSIG" negated="ON"/></pterm><pterm id="FB2_9_4"><signal id="resetn" negated="ON"/></pterm><pterm id="FB2_9_5"><signal id="HsyncPIN_SPECSIG"/></pterm><pterm id="FB2_10_1"><signal id="vcnt2FBKLFBK_SPECSIG" negated="ON"/><signal id="vcnt4FBKLFBK_SPECSIG" negated="ON"/><signal id="vcnt9FBKLFBK_SPECSIG"/><signal id="vcnt5FBKLFBK_SPECSIG" negated="ON"/><signal id="vcnt6FBKLFBK_SPECSIG" negated="ON"/><signal id="vcnt7FBKLFBK_SPECSIG" negated="ON"/><signal id="vcnt8FBKLFBK_SPECSIG" negated="ON"/></pterm><pterm id="FB2_10_2"><signal id="vcnt3FBKLFBK_SPECSIG" negated="ON"/><signal id="vcnt4FBKLFBK_SPECSIG" negated="ON"/><signal id="vcnt9FBKLFBK_SPECSIG"/><signal id="vcnt5FBKLFBK_SPECSIG" negated="ON"/><signal id="vcnt6FBKLFBK_SPECSIG" negated="ON"/><signal id="vcnt7FBKLFBK_SPECSIG" negated="ON"/><signal id="vcnt8FBKLFBK_SPECSIG" negated="ON"/></pterm><pterm id="FB2_10_3"><signal id="vcnt4FBKLFBK_SPECSIG" negated="ON"/><signal id="vcnt0FBKLFBK_SPECSIG" negated="ON"/><signal id="vcnt1FBKLFBK_SPECSIG" negated="ON"/><signal id="vcnt9FBKLFBK_SPECSIG"/><signal id="vcnt5FBKLFBK_SPECSIG" negated="ON"/><signal id="vcnt6FBKLFBK_SPECSIG" negated="ON"/><signal id="vcnt7FBKLFBK_SPECSIG" negated="ON"/><signal id="vcnt8FBKLFBK_SPECSIG" negated="ON"/></pterm><pterm id="FB2_10_4"><signal id="resetn" negated="ON"/></pterm><pterm id="FB2_10_5"><signal id="HsyncPIN_SPECSIG"/></pterm><pterm id="FB2_11_1"><signal id="hcnt0FBKLFBK_SPECSIG" negated="ON"/><signal id="hcnt8FBKLFBK_SPECSIG"/></pterm><pterm id="FB2_11_2"><signal id="hcnt0FBKLFBK_SPECSIG" negated="ON"/><signal id="hcnt9FBKLFBK_SPECSIG"/></pterm><pterm id="FB2_11_3"><signal id="hcnt4_SPECSIG"/><signal id="hcnt5_SPECSIG"/><signal id="hcnt6_SPECSIG"/><signal id="hcnt7_SPECSIG"/><signal id="hcnt0FBKLFBK_SPECSIG" negated="ON"/></pterm><pterm id="FB2_11_4"><signal id="resetn" negated="ON"/></pterm><pterm id="FB2_11_5"><signal id="vcnt2FBKLFBK_SPECSIG"/><signal id="vcnt3FBKLFBK_SPECSIG"/><signal id="vcnt4FBKLFBK_SPECSIG"/><signal id="vcnt0FBKLFBK_SPECSIG"/><signal id="vcnt1FBKLFBK_SPECSIG"/><signal id="vcnt9FBKLFBK_SPECSIG" negated="ON"/><signal id="vcnt5FBKLFBK_SPECSIG"/><signal id="vcnt6FBKLFBK_SPECSIG"/><signal id="vcnt7FBKLFBK_SPECSIG"/><signal id="vcnt8FBKLFBK_SPECSIG"/></pterm><pterm id="FB2_12_1"><signal id="vcnt4FBKLFBK_SPECSIG"/><signal id="vcnt9FBKLFBK_SPECSIG"/></pterm><pterm id="FB2_12_2"><signal id="vcnt2FBKLFBK_SPECSIG"/><signal id="vcnt3FBKLFBK_SPECSIG"/><signal id="vcnt0FBKLFBK_SPECSIG"/><signal id="vcnt1FBKLFBK_SPECSIG"/><signal id="vcnt9FBKLFBK_SPECSIG" negated="ON"/></pterm><pterm id="FB2_12_3"><signal id="resetn" negated="ON"/></pterm><pterm id="FB2_12_4"><signal id="HsyncPIN_SPECSIG"/></pterm><pterm id="FB2_12_5"><signal id="hcnt2_SPECSIG"/><signal id="hcnt3_SPECSIG"/><signal id="hcnt5_SPECSIG"/><signal id="hcnt6_SPECSIG"/><signal id="hcnt7_SPECSIG"/><signal id="hcnt0FBKLFBK_SPECSIG" negated="ON"/></pterm><pterm id="FB2_13_1"><signal id="vcnt9FBKLFBK_SPECSIG"/><signal id="vcnt5FBKLFBK_SPECSIG"/></pterm><pterm id="FB2_13_2"><signal id="vcnt2FBKLFBK_SPECSIG"/><signal id="vcnt3FBKLFBK_SPECSIG"/><signal id="vcnt4FBKLFBK_SPECSIG"/><signal id="vcnt0FBKLFBK_SPECSIG"/><signal id="vcnt1FBKLFBK_SPECSIG"/><signal id="vcnt9FBKLFBK_SPECSIG" negated="ON"/></pterm><pterm id="FB2_13_3"><signal id="resetn" negated="ON"/></pterm><pterm id="FB2_13_4"><signal id="HsyncPIN_SPECSIG"/></pterm><pterm id="FB2_14_1"><signal id="vcnt9FBKLFBK_SPECSIG"/><signal id="vcnt6FBKLFBK_SPECSIG"/></pterm><pterm id="FB2_14_2"><signal id="vcnt2FBKLFBK_SPECSIG"/><signal id="vcnt3FBKLFBK_SPECSIG"/><signal id="vcnt4FBKLFBK_SPECSIG"/><signal id="vcnt0FBKLFBK_SPECSIG"/><signal id="vcnt1FBKLFBK_SPECSIG"/><signal id="vcnt9FBKLFBK_SPECSIG" negated="ON"/><signal id="vcnt5FBKLFBK_SPECSIG"/></pterm><pterm id="FB2_14_3"><signal id="resetn" negated="ON"/></pterm><pterm id="FB2_14_4"><signal id="HsyncPIN_SPECSIG"/></pterm><pterm id="FB2_15_1"><signal id="vcnt9FBKLFBK_SPECSIG"/><signal id="vcnt7FBKLFBK_SPECSIG"/></pterm><pterm id="FB2_15_2"><signal id="vcnt2FBKLFBK_SPECSIG"/><signal id="vcnt3FBKLFBK_SPECSIG"/><signal id="vcnt4FBKLFBK_SPECSIG"/><signal id="vcnt0FBKLFBK_SPECSIG"/><signal id="vcnt1FBKLFBK_SPECSIG"/><signal id="vcnt9FBKLFBK_SPECSIG" negated="ON"/><signal id="vcnt5FBKLFBK_SPECSIG"/><signal id="vcnt6FBKLFBK_SPECSIG"/></pterm><pterm id="FB2_15_3"><signal id="resetn" negated="ON"/></pterm><pterm id="FB2_15_4"><signal id="HsyncPIN_SPECSIG"/></pterm><pterm id="FB2_16_1"><signal id="vcnt9FBKLFBK_SPECSIG"/><signal id="vcnt8FBKLFBK_SPECSIG"/></pterm><pterm id="FB2_16_2"><signal id="vcnt2FBKLFBK_SPECSIG"/><signal id="vcnt3FBKLFBK_SPECSIG"/><signal id="vcnt4FBKLFBK_SPECSIG"/><signal id="vcnt0FBKLFBK_SPECSIG"/><signal id="vcnt1FBKLFBK_SPECSIG"/><signal id="vcnt9FBKLFBK_SPECSIG" negated="ON"/><signal id="vcnt5FBKLFBK_SPECSIG"/><signal id="vcnt6FBKLFBK_SPECSIG"/><signal id="vcnt7FBKLFBK_SPECSIG"/></pterm><pterm id="FB2_16_3"><signal id="resetn" negated="ON"/></pterm><pterm id="FB2_16_4"><signal id="HsyncPIN_SPECSIG"/></pterm><pterm id="FB2_17_1"><signal id="resetn" negated="ON"/></pterm><pterm id="FB2_18_1"><signal id="resetn" negated="ON"/></pterm><pterm id="FB2_18_2"><signal id="vcnt2FBKLFBK_SPECSIG"/><signal id="vcnt3FBKLFBK_SPECSIG" negated="ON"/><signal id="vcnt0FBKLFBK_SPECSIG"/><signal id="vcnt1FBKLFBK_SPECSIG"/><signal id="vcnt9FBKLFBK_SPECSIG" negated="ON"/></pterm><pterm id="FB2_18_3"><signal id="vcnt2FBKLFBK_SPECSIG" negated="ON"/><signal id="vcnt3FBKLFBK_SPECSIG"/><signal id="vcnt4FBKLFBK_SPECSIG" negated="ON"/><signal id="vcnt5FBKLFBK_SPECSIG" negated="ON"/><signal id="vcnt6FBKLFBK_SPECSIG" negated="ON"/><signal id="vcnt7FBKLFBK_SPECSIG" negated="ON"/><signal id="vcnt8FBKLFBK_SPECSIG" negated="ON"/></pterm><pterm id="FB2_18_4"><signal id="vcnt3FBKLFBK_SPECSIG"/><signal id="vcnt4FBKLFBK_SPECSIG" negated="ON"/><signal id="vcnt0FBKLFBK_SPECSIG" negated="ON"/><signal id="vcnt1FBKLFBK_SPECSIG" negated="ON"/><signal id="vcnt5FBKLFBK_SPECSIG" negated="ON"/><signal id="vcnt6FBKLFBK_SPECSIG" negated="ON"/><signal id="vcnt7FBKLFBK_SPECSIG" negated="ON"/><signal id="vcnt8FBKLFBK_SPECSIG" negated="ON"/></pterm><pterm id="FB2_18_5"><signal id="vcnt2FBKLFBK_SPECSIG"/><signal id="vcnt3FBKLFBK_SPECSIG" negated="ON"/><signal id="vcnt4FBKLFBK_SPECSIG" negated="ON"/><signal id="vcnt0FBKLFBK_SPECSIG"/><signal id="vcnt1FBKLFBK_SPECSIG"/><signal id="vcnt5FBKLFBK_SPECSIG" negated="ON"/><signal id="vcnt6FBKLFBK_SPECSIG" negated="ON"/><signal id="vcnt7FBKLFBK_SPECSIG" negated="ON"/><signal id="vcnt8FBKLFBK_SPECSIG" negated="ON"/></pterm><equation id="vcnt3_SPECSIG" regUse="D"><d2><eq_pterm ptindx="FB2_1_1"/><eq_pterm ptindx="FB2_1_2"/><eq_pterm ptindx="FB2_1_3"/><eq_pterm import="1" ptindx="FB2_18_2"/><eq_pterm import="1" ptindx="FB2_18_3"/><eq_pterm import="1" ptindx="FB2_18_4"/><eq_pterm import="1" ptindx="FB2_18_5"/></d2><clk><eq_pterm ptindx="FB2_1_5"/></clk><reset><eq_pterm ptindx="FB2_1_4"/></reset><prld ptindx="GND"/></equation><equation id="vcnt2_SPECSIG" regUse="D"><d2><eq_pterm ptindx="FB2_2_1"/><eq_pterm ptindx="FB2_2_2"/><eq_pterm ptindx="FB2_2_3"/><eq_pterm import="1" ptindx="FB2_3_1"/><eq_pterm import="1" ptindx="FB2_3_2"/><eq_pterm import="1" ptindx="FB2_3_3"/><eq_pterm import="1" ptindx="FB2_3_4"/></d2><clk><eq_pterm ptindx="FB2_2_5"/></clk><reset><eq_pterm ptindx="FB2_2_4"/></reset><prld ptindx="GND"/></equation><equation id="vcnt1_SPECSIG" regUse="D"><d2><eq_pterm ptindx="FB2_8_1"/><eq_pterm ptindx="FB2_8_2"/><eq_pterm import="1" ptindx="FB2_7_1"/><eq_pterm import="1" ptindx="FB2_7_2"/><eq_pterm import="1" ptindx="FB2_7_3"/><eq_pterm import="1" ptindx="FB2_7_4"/></d2><clk><eq_pterm ptindx="FB2_8_4"/></clk><reset><eq_pterm ptindx="FB2_8_3"/></reset><prld ptindx="GND"/></equation><equation id="vcnt0_SPECSIG" regUse="D"><d2><eq_pterm ptindx="FB2_9_1"/><eq_pterm ptindx="FB2_9_2"/><eq_pterm ptindx="FB2_9_3"/><eq_pterm import="1" ptindx="FB2_8_5"/></d2><clk><eq_pterm ptindx="FB2_9_5"/></clk><reset><eq_pterm ptindx="FB2_9_4"/></reset><prld ptindx="GND"/></equation><equation id="vcnt9_SPECSIG" regUse="D"><d2><eq_pterm ptindx="FB2_10_1"/><eq_pterm ptindx="FB2_10_2"/><eq_pterm ptindx="FB2_10_3"/><eq_pterm import="1" ptindx="FB2_11_5"/></d2><clk><eq_pterm ptindx="FB2_10_5"/></clk><reset><eq_pterm ptindx="FB2_10_4"/></reset><prld ptindx="GND"/></equation><equation id="hcnt0_SPECSIG" regUse="T" negated="ON"><d2><eq_pterm ptindx="FB2_11_1"/><eq_pterm ptindx="FB2_11_2"/><eq_pterm ptindx="FB2_11_3"/><eq_pterm import="1" ptindx="FB2_12_5"/></d2><clk><fastsig signal="clock"/></clk><reset><eq_pterm ptindx="FB2_11_4"/></reset><prld ptindx="GND"/></equation><equation id="vcnt4_SPECSIG" regUse="T"><d2><eq_pterm ptindx="FB2_12_1"/><eq_pterm ptindx="FB2_12_2"/></d2><clk><eq_pterm ptindx="FB2_12_4"/></clk><reset><eq_pterm ptindx="FB2_12_3"/></reset><prld ptindx="GND"/></equation><equation id="vcnt5_SPECSIG" regUse="T"><d2><eq_pterm ptindx="FB2_13_1"/><eq_pterm ptindx="FB2_13_2"/></d2><clk><eq_pterm ptindx="FB2_13_4"/></clk><reset><eq_pterm ptindx="FB2_13_3"/></reset><prld ptindx="GND"/></equation><equation id="vcnt6_SPECSIG" regUse="T"><d2><eq_pterm ptindx="FB2_14_1"/><eq_pterm ptindx="FB2_14_2"/></d2><clk><eq_pterm ptindx="FB2_14_4"/></clk><reset><eq_pterm ptindx="FB2_14_3"/></reset><prld ptindx="GND"/></equation><equation id="vcnt7_SPECSIG" regUse="T"><d2><eq_pterm ptindx="FB2_15_1"/><eq_pterm ptindx="FB2_15_2"/></d2><clk><eq_pterm ptindx="FB2_15_4"/></clk><reset><eq_pterm ptindx="FB2_15_3"/></reset><prld ptindx="GND"/></equation><equation id="vcnt8_SPECSIG" regUse="T"><d2><eq_pterm ptindx="FB2_16_1"/><eq_pterm ptindx="FB2_16_2"/></d2><clk><eq_pterm ptindx="FB2_16_4"/></clk><reset><eq_pterm ptindx="FB2_16_3"/></reset><prld ptindx="GND"/></equation><equation id="hcnt8_SPECSIG" regUse="D"><d2><eq_pterm ptindx="GND"/></d2><clk><fastsig signal="clock"/></clk><reset><eq_pterm ptindx="FB2_17_1"/></reset><prld ptindx="GND"/></equation><equation id="hcnt9_SPECSIG" regUse="D"><d2><eq_pterm ptindx="GND"/></d2><clk><fastsig signal="clock"/></clk><reset><eq_pterm ptindx="FB2_18_1"/></reset><prld ptindx="GND"/></equation></fblock><fblock id="FB3" pinUse="1" inputUse="0"><macrocell id="FB3_MC1" pin="FB3_MC1_PIN25"/><macrocell id="FB3_MC2" pin="FB3_MC2_PIN17"/><macrocell id="FB3_MC3" pin="FB3_MC3_PIN31"/><macrocell id="FB3_MC4" pin="FB3_MC4_PIN32"/><macrocell id="FB3_MC5" pin="FB3_MC5_PIN19"/><macrocell id="FB3_MC6" pin="FB3_MC6_PIN34"/><macrocell id="FB3_MC7" pin="FB3_MC7_PIN35"/><macrocell id="FB3_MC8" pin="FB3_MC8_PIN21"/><macrocell id="FB3_MC9" pin="FB3_MC9_PIN26"/><macrocell id="FB3_MC10" pin="FB3_MC10_PIN40"/><macrocell id="FB3_MC11" pin="FB3_MC11_PIN33"/><macrocell id="FB3_MC12" pin="FB3_MC12_PIN41"/><macrocell id="FB3_MC13" pin="FB3_MC13_PIN43"/><macrocell id="FB3_MC14" pin="FB3_MC14_PIN36"/><macrocell id="FB3_MC15" pin="FB3_MC15_PIN37"/><macrocell id="FB3_MC16" pin="FB3_MC16_PIN45"/><macrocell id="FB3_MC17" pin="FB3_MC17_PIN39"/><macrocell id="FB3_MC18"/></fblock><fblock id="FB4" pinUse="0" inputUse="0"><macrocell id="FB4_MC1" pin="FB4_MC1_PIN46"/><macrocell id="FB4_MC2" pin="FB4_MC2_PIN44"/><macrocell id="FB4_MC3" pin="FB4_MC3_PIN51"/><macrocell id="FB4_MC4" pin="FB4_MC4_PIN52"/><macrocell id="FB4_MC5" pin="FB4_MC5_PIN47"/><macrocell id="FB4_MC6" pin="FB4_MC6_PIN54"/><macrocell id="FB4_MC7" pin="FB4_MC7_PIN55"/><macrocell id="FB4_MC8" pin="FB4_MC8_PIN48"/><macrocell id="FB4_MC9" pin="FB4_MC9_PIN50"/><macrocell id="FB4_MC10" pin="FB4_MC10_PIN57"/><macrocell id="FB4_MC11" pin="FB4_MC11_PIN53"/><macrocell id="FB4_MC12" pin="FB4_MC12_PIN58"/><macrocell id="FB4_MC13" pin="FB4_MC13_PIN61"/><macrocell id="FB4_MC14" pin="FB4_MC14_PIN56"/><macrocell id="FB4_MC15" pin="FB4_MC15_PIN65"/><macrocell id="FB4_MC16" pin="FB4_MC16_PIN62"/><macrocell id="FB4_MC17" pin="FB4_MC17_PIN66"/><macrocell id="FB4_MC18"/></fblock><vcc/><gnd/><compOpts loc="ON" uim="ON" part="xc9572-10-PC84" prld="LOW" slew="FAST" mlopt="ON" power="STD" gsropt="ON" gtsopt="ON" inputs="36" keepio="OFF" pinfbk="ON" pterms="25" unused="OFF" exhaust="OFF" gclkopt="ON" wysiwyg="OFF" ignorets="OFF" localfbk="ON" optimize="SPEED"/><specSig value="Hsync.PIN" signal="HsyncPIN_SPECSIG"/><specSig value="(b)" signal="b_SPECSIG"/><specSig value="hcnt&lt;3&gt;" signal="hcnt3_SPECSIG"/><specSig value="blue&lt;0&gt;" signal="blue0_SPECSIG"/><specSig value="green&lt;1&gt;" signal="green1_SPECSIG"/><specSig value="green&lt;0&gt;" signal="green0_SPECSIG"/><specSig value="I/O" signal="IO_SPECSIG"/><specSig value="red&lt;0&gt;" signal="red0_SPECSIG"/><specSig value="blue&lt;1&gt;" signal="blue1_SPECSIG"/><specSig value="hcnt&lt;7&gt;" signal="hcnt7_SPECSIG"/><specSig value="red&lt;1&gt;" signal="red1_SPECSIG"/><specSig value="hcnt&lt;5&gt;" signal="hcnt5_SPECSIG"/><specSig value="hcnt&lt;4&gt;" signal="hcnt4_SPECSIG"/><specSig value="hcnt&lt;1&gt;" signal="hcnt1_SPECSIG"/><specSig value="hcnt&lt;2&gt;" signal="hcnt2_SPECSIG"/><specSig value="vcnt&lt;3&gt;" signal="vcnt3_SPECSIG"/><specSig value="vcnt&lt;2&gt;" signal="vcnt2_SPECSIG"/><specSig value="vcnt&lt;1&gt;" signal="vcnt1_SPECSIG"/><specSig value="vcnt&lt;0&gt;" signal="vcnt0_SPECSIG"/><specSig value="vcnt&lt;9&gt;" signal="vcnt9_SPECSIG"/><specSig value="hcnt&lt;0&gt;" signal="hcnt0_SPECSIG"/><specSig value="vcnt&lt;4&gt;" signal="vcnt4_SPECSIG"/><specSig value="vcnt&lt;5&gt;" signal="vcnt5_SPECSIG"/><specSig value="vcnt&lt;6&gt;" signal="vcnt6_SPECSIG"/><specSig value="vcnt&lt;7&gt;" signal="vcnt7_SPECSIG"/><specSig value="vcnt&lt;8&gt;" signal="vcnt8_SPECSIG"/><specSig value="hcnt&lt;8&gt;" signal="hcnt8_SPECSIG"/><specSig value="hcnt&lt;6&gt;" signal="hcnt6_SPECSIG"/><specSig value="enable.FBK.LFBK" signal="enableFBKLFBK_SPECSIG"/><specSig value="hcnt&lt;1&gt;.FBK.LFBK" signal="hcnt1FBKLFBK_SPECSIG"/><specSig value="hcnt&lt;2&gt;.FBK.LFBK" signal="hcnt2FBKLFBK_SPECSIG"/><specSig value="hcnt&lt;3&gt;.FBK.LFBK" signal="hcnt3FBKLFBK_SPECSIG"/><specSig value="hcnt&lt;4&gt;.FBK.LFBK" signal="hcnt4FBKLFBK_SPECSIG"/><specSig value="hcnt&lt;5&gt;.FBK.LFBK" signal="hcnt5FBKLFBK_SPECSIG"/><specSig value="hcnt&lt;6&gt;.FBK.LFBK" signal="hcnt6FBKLFBK_SPECSIG"/><specSig value="hcnt&lt;7&gt;.FBK.LFBK" signal="hcnt7FBKLFBK_SPECSIG"/><specSig value="hcnt&lt;9&gt;" signal="hcnt9_SPECSIG"/><specSig value="hsyncint.FBK.LFBK" signal="hsyncintFBKLFBK_SPECSIG"/><specSig value="hcnt&lt;0&gt;.FBK.LFBK" signal="hcnt0FBKLFBK_SPECSIG"/><specSig value="hcnt&lt;8&gt;.FBK.LFBK" signal="hcnt8FBKLFBK_SPECSIG"/><specSig value="hcnt&lt;9&gt;.FBK.LFBK" signal="hcnt9FBKLFBK_SPECSIG"/><specSig value="vcnt&lt;0&gt;.FBK.LFBK" signal="vcnt0FBKLFBK_SPECSIG"/><specSig value="vcnt&lt;1&gt;.FBK.LFBK" signal="vcnt1FBKLFBK_SPECSIG"/><specSig value="vcnt&lt;2&gt;.FBK.LFBK" signal="vcnt2FBKLFBK_SPECSIG"/><specSig value="vcnt&lt;3&gt;.FBK.LFBK" signal="vcnt3FBKLFBK_SPECSIG"/><specSig value="vcnt&lt;4&gt;.FBK.LFBK" signal="vcnt4FBKLFBK_SPECSIG"/><specSig value="vcnt&lt;5&gt;.FBK.LFBK" signal="vcnt5FBKLFBK_SPECSIG"/><specSig value="vcnt&lt;6&gt;.FBK.LFBK" signal="vcnt6FBKLFBK_SPECSIG"/><specSig value="vcnt&lt;7&gt;.FBK.LFBK" signal="vcnt7FBKLFBK_SPECSIG"/><specSig value="vcnt&lt;8&gt;.FBK.LFBK" signal="vcnt8FBKLFBK_SPECSIG"/><specSig value="vcnt&lt;9&gt;.FBK.LFBK" signal="vcnt9FBKLFBK_SPECSIG"/></document>
